id,Class title,Class description,gImage,Image,Type,Intensity,Online available,Physical available,Benefits,Demo video,Equipments,Tag,Updated,Created
SFF0001,"Abs, Butt, Thighs (ABT)","ABT circuit workout routine is the perfect workout for a quick lower
body burn. This workout routine can be easily done with or without
equipment. As the name says, we are working on toning your core,
butt and thigh muscles. Are you ready for the burn?",https://drive.google.com/file/d/1T5kBRNkomb0XpUnAxormOooc_PENgCxJ/view?usp=sharing,/s/Abs-Butt-Thighs-ABT_x800.jpg,Group Exercise Classes,Mid,Yes,Yes,Muscular Endurance,https://youtu.be/IjEBfs35HSc,Yoga Mat,Classic, 31 May 2022, 03 Apr 2022
SFF0002,Aerobics,"Aerobics is a form of rhythmic dance exercise. Instructors will teach one step or movement at a time and start building up from there into a whole choreography. Movements are very easy to follow, repetitive and fun!",https://drive.google.com/file/d/1Plm2Fk2JRHIJsFKObOCbl5fRfmLBuAr0/view?usp=sharing,/s/Aerobics_x800.jpg,Group Exercise Classes,Mid,Yes,Yes,Cardiovascular,https://www.youtube.com/watch?v=a44ayeoSfKM,Not Required,Classic, 31 May 2022, 03 Apr 2022
SFF0003,Aqua Aerobics,"A low-impact aerobic exercise conducted in a swimming pool (not covering the head), uses water as a form of resistance or assistance. It reduces joint pressure, increases flexibility, and builds endurance. No swimming experience required",https://drive.google.com/file/d/1IwgWSrwFiiCwN5EppQUPiA2yt3Rf7FUv/view?usp=sharing,/s/Aqua-Aerobics_x800-8755.jpg,Group Exercise Classes,Mid,No,Yes,Cardiovascular,https://www.youtube.com/watch?v=uQU_MIVvVWQ,Conducted in swimming pool,Classic, 31 May 2022, 08 Apr 2022
SFF0004,Barre ,"Barre is a combination of yoga, pilates, strength training, and ballet techniques that works out the entire body. It focuses on isometric holds and combines dynamic movements to tone and sculpt the body. Suitable for all fitness levels, participants can embrace their inner ballerina and get a full-body workout at the same time. Individuals will attain better body awareness, and improve physical strength, flexibility and posture.",https://drive.google.com/file/d/1SQpdG0kcQWWovIk3T2i5tW3_KxzW4MQF/view?usp=sharing,/s/Barre_x800.jpg,Group Exercise Classes,Mid,Yes,Yes,Muscular Endurance,https://youtu.be/1gAiGNKain4,Not Required,Classic, 31 May 2022, 08 Apr 2022
SFF0005,BodyART,"An artistic and creative way of working with the body, merging strength, flexibility, and breathing techniques to strengthen and stretch muscles, relieve tension, improve posture, and better understand our bodies. It is inspired by yoga, pilates, functional training, and tai chi techniques.",https://drive.google.com/file/d/1y6k9kRgLA1QKfm0dnbh8oAQHWGvC50N8/view?usp=sharing,/s/BodyART_x800.jpg,Group Exercise Classes,Mid,Yes,Yes,Mobility,https://youtu.be/9Ly9hhwjevY,Yoga Mat,Classic, 31 May 2022, 08 Apr 2022
SFF0006,Bolly Dazz,"A combination of Bollywood dancing with high-intensity cardio workout, involving the whole body, shaking to the Bollywood music as though you are in the movies!",https://drive.google.com/file/d/15D-bgM-HoSdSFfBnLOTDLaaKeoSwK7Ss/view?usp=sharing,/s/Bolly-Dazz_x800.jpg,Group Exercise Classes,High,Yes,Yes,Cardiovascular,https://youtu.be/KUmKKPcf71Q,Not Required,Classic, 31 May 2022, 08 Apr 2022
SFF0007,Bootcamp / HIIT,"Designed to build strength and fitness through a variety of high-intensity intervals and circuit training, Bootcamp/HIIT uses bodyweight exercises that can be regressed or progressed. As such, this makes it suitable for participants of all fitness levels to tone up their muscles and improve cardiovascular endurance.",https://drive.google.com/file/d/1J1WSgJTZJz_UF71unrl_HbdJjsMkBJQk/view?usp=sharing,/s/BOOTCAMP-HIIT.JPG,Group Exercise Classes,High,Yes,Yes,Muscular Endurance,https://drive.google.com/file/d/135ganxLqjvGYj067dTPQpMtYr-pmOD6r/view?usp=sharing,Not Required,Recommended, 31 May 2022, 08 Apr 2022
SFF0008,Calisthenics,"A form of exercise consisting of a variety of movements that involve large muscle groups such as pull-ups, jumping, grasping, pushing, etc. It is often performed rhythmically with minimal equipment to increase strength and flexibility. Be amazed at what your body can do!",https://drive.google.com/file/d/1aIMAW1u44K652Zeu_5rGvozZTFij1mUC/view?usp=sharing,/s/CHALISTENICS_x800.jpg,Group Exercise Classes,High,Yes,Yes,Muscular Strength,https://youtu.be/lc4-rZAXZ2U,Not Required,Classic, 31 May 2022, 08 Apr 2022
SFF0009,"Cardio
Kickboxing","A combination of martial arts techniques with a fast-paced cardio workout, Cardio Kickboxing helps build stamina and improves coordination.",https://drive.google.com/file/d/1LdZ2dVobpy2PmKfd3IL9Md7QurQDXrY3/view?usp=sharing,/s/Cardio-Kickboxing_x800.jpg,Group Exercise Classes,High,Yes,Yes,Cardiovascular,https://youtu.be/6oLg5fFe5ww,Not Required,Recommended, 31 May 2022, 08 Apr 2022
SFF0010,Desk Stretch ,"In this class, you will be guided on doing simple & easy stretches that can be done at the desk whether you are in office wear, sportswear, or comfortable home clothes. This is one of our popular classes to have in the middle of the workday to reset your posture, release muscle tightness & feel more productive for the rest of the day.",https://drive.google.com/file/d/170QDvWOkVX_piupWa7LR88RBkqD_vhWV/view?usp=sharing,/s/Desk-Stretch_x800.jpg,Group Exercise Classes,Low,Yes,Yes,Flexibility,https://drive.google.com/file/d/1JBA2pJ_VgvexVqTqwivMRFxOFWaj03wM/view?usp=sharing,Chair,Recommended, 31 May 2022, 08 Apr 2022
SFF0011,Hip Hop,"Emerged from the music of Hip-Hop culture together with the evolution from the influences of pop culture, Hip Hop emphasizes groove, strength, and precision.
",https://drive.google.com/file/d/15FmPLDuLb20scHgkSGlYFZ1e-wAhdts1/view?usp=sharing,/s/Hip-Hop-Dance_x800.jpg,Group Exercise Classes,High,Yes,Yes,Body Awareness,https://youtu.be/ZWk19OVon2k,Not Required,Classic, 07 Jun 2022, 08 Apr 2022
SFF0012,K-Kardio,"Dance along with to Kpop music while burning calories at the same time through a cardio-based workout that is suitable for people of all ages and dance experiences. Includes some essence of music video moves.",https://drive.google.com/file/d/14KO7Omjs0Eu6ENj-yng3xNj7jqM9mNnh/view?usp=sharing,/s/K-Kardio_x800.jpg,Group Exercise Classes,High,Yes,Yes,Cardiovascular,https://www.youtube.com/watch?v=-UGoA41dmKs,Not Required,Classic, 31 May 2022, 08 Apr 2022
SFF0013,Kpop Dance,"Freestyle dance inspired by Kpop music. Learn popular choreography from Kpop music videos from both girl bands and boy bands.
",https://drive.google.com/file/d/12RsSMbhGR0CMzXv_1umRmipn4LkL0Kms/view?usp=sharing,/s/Kpop-Dance_x800.jpg,Group Exercise Classes,Mid,Yes,Yes,Body Awareness,https://youtu.be/js9InLDV2X8,Not Required,Classic, 31 May 2022, 08 Apr 2022
SFF0014,KpopX Fitness,"Inspired by catchy Kpop music videos, KpopX Fitness uses simplified Kpop dance moves together with aerobic and body toning exercises. Steps are easy to follow, making them suitable for anyone regardless of dance background.",https://drive.google.com/file/d/1MNHHM3p2b3-QJF1q8mPdtQDCCwG-UTDD/view?usp=sharing,/s/KPOPX-Fitness_x800.jpg,Group Exercise Classes,High,Yes,Yes,Cardiovascular,https://www.youtube.com/watch?v=iSF9MlhGtSU,Not Required,Recommended, 31 May 2022, 08 Apr 2022
SFF0015,Masala Bhangra,"Influenced by high-energy Bhangra and Bollywood Dance movements, it is an easy-to-follow fitness format which caters to people of all ages and fitness levels who wish to stay active with unique music and beats.",https://drive.google.com/file/d/1BN8ifa-6eobxASgay72KRByYbX5FdQ4R/view?usp=sharing,/s/masala-bhangra_x600.jpg,Group Exercise Classes,High,Yes,Yes,Cardiovascular,https://www.youtube.com/watch?v=N16c6Qe0Aho,Not Required,Recommended, 31 May 2022, 08 Apr 2022
SFF0016,Nirvana,"With a blend of pilates, yoga exercises, and rhythmic breathing, exercise along with a relaxing and mindful flow of uplifting music beats, while focussing on the flow of the body & mind.",https://drive.google.com/file/d/1tZn43zD8v63JjLTld1NUR9rlso5LJwqL/view?usp=sharing,/s/Nirvana_x800.jpg,Group Exercise Classes,Mid,Yes,Yes,Mobility,https://drive.google.com/file/d/1NwHFoY3EMyEFsy949-esA4siVXp2gBQ3/view?usp=sharing,Yoga Mat,Classic, 31 May 2022, 08 Apr 2022
SFF0017,Pilates Matwork,"Pilates mat work will guide the class through mobilizing the spine, improving core strength, and most importantly, increasing awareness of daily posture. It is gentle and friendly for people with knee or back pain as well.",https://drive.google.com/file/d/1_kX2VnqnyalaHHNLEqOS2B0T4b2PDrmL/view?usp=sharing,/s/Pilates-Matwork_x800.jpg,Group Exercise Classes,Mid,Yes,Yes,Mobility,https://drive.google.com/file/d/1E4Xyy3AhuYLJ4LnHdb27PUl6CkUg8uzy/view?usp=sharing,Yoga Mat,Classic, 31 May 2022, 08 Apr 2022
SFF0018,Piloxing,"A non-stop cardio fusion of standing Pilates, boxing, and dance to strengthen the core, sculpt the body and elongate the muscles. Move along to the music and beats to execute the techniques of boxing to get the heart pumping too.",https://drive.google.com/file/d/1JlK1DMWG-gkaoude66czTnV1qXfDxAoQ/view?usp=sharing,/s/Piloxing.jpg,Group Exercise Classes,High,Yes,Yes,Cardiovascular,https://drive.google.com/file/d/1H2As9GAg1mQjUV1itKAVJuzn3PTgC3R_/view?usp=sharing,Not Required,Classic, 31 May 2022, 08 Apr 2022
SFF0019,Piloxing Knockout,"Influenced by plyometrics, sports conditioning drills, and functional training, Piloxing Knockout increases fitness levels and builds endurance.",https://drive.google.com/file/d/1SYiZuoSxLJbmbiCiT4DMsNEHvLFygCCr/view?usp=sharing,/s/piloxing_kO.jpeg,Group Exercise Classes,High,Yes,Yes,Cardiovascular,https://youtu.be/tvLI0tfc0OU,Not Required,Classic, 31 May 2022, 08 Apr 2022
SFF0020,Piloxing The MIX,"Inspired by commercial dance from Los Angeles, it is suitable for people of all fitness levels, ages, and backgrounds. Dance along to music hits and iconic throwbacks while learning the most  current grooves from LA’s dance scene",https://drive.google.com/file/d/1RlI0BmI_NPaAONEkkLW-LpKA8VHNtJeb/view?usp=sharing,/s/piloxing_theMix.jpeg,Group Exercise Classes,High,Yes,Yes,Cardiovascular,https://youtu.be/x35r8EFE80Y,Not Required,Classic, 31 May 2022, 08 Apr 2022
SFF0021,Plyometrics,"A form of exercise that involves exerting maximum force in short time intervals using jumping or explosive movements. Some examples include jump ropes, lunges, and jump squats.
",https://drive.google.com/file/d/1C4ycYmJdUV40QIAPlF_HFm8UGcqrPJOI/view?usp=sharing,/s/Plyometrics_x800.jpg,Group Exercise Classes,High,Yes,Yes,Cardiovascular,https://youtu.be/Dl0wDfIptV4,Not Required,Classic, 31 May 2022, 08 Apr 2022
SFF0022,Pound,"A full-body workout that combines cardio, conditioning, and strength training with yoga and Pilates-inspired movements. Using lightly weighted drumsticks, transforms drumming into an effective way of working out.",https://drive.google.com/file/d/1CAOQOUZxKMvMti4p4ZL4N6t1RKdHb2-X/view?usp=sharing,/s/Pound_x800.jpg,Group Exercise Classes,Mid,Yes,Yes,Cardiovascular,https://youtu.be/fgU-3zv1GiA,Pound Sticks,Classic, 31 May 2022, 08 Apr 2022
SFF0023,Salsation,"A Latin-based dance workout with a strong focus on musicality and lyrical expression. It converts functional training protocols into innovative dance moves which are controlled and grounded, making it fun and sage at the same time.",https://drive.google.com/file/d/1hUv4K3j1w6ssKsQDl29TXZhmXWadVf2u/view?usp=sharing,/s/Salsation.jpg,Group Exercise Classes,Mid,Yes,Yes,Cardiovascular,https://youtu.be/HIby_wYhY80,Not Required,Classic, 31 May 2022, 08 Apr 2022
SFF0024,Street Jazz,"Developed in response to the emergence of commercial pop music, it features sharp movements, and body isolations and focuses on precision and confidence.",https://drive.google.com/file/d/169ZAYxZiryKamH3XVgCHREtpzGMp6y66/view?usp=sharing,/s/Street-Jazz_x800.jpg,Group Exercise Classes,Mid,Yes,Yes,Body Awareness,https://youtu.be/KkoRNMySSmo,Not Required,Classic, 31 May 2022, 08 Apr 2022
SFF0025,STRONG Nation,"STRONG Nation combines high-intensity interval training with the science of Synced Music Motivation. Imagine doing burpees at the beat of the music!",https://drive.google.com/file/d/1kuAPXUPfP0cOGIWuJmJyycB9N-X7ENoN/view?usp=sharing,/s/STRONG-Nation.jpg,Group Exercise Classes,High,Yes,Yes,Muscular Endurance,https://drive.google.com/file/d/1Od1bj5wr27uwleIvwSNSg8Mks6qFt1ol/view?usp=sharing,Yoga Mat,Classic, 31 May 2022, 08 Apr 2022
SFF0026,TaiChi,"A series of gentle physical exercises and stretches. Each posture flows into the next without pause, ensuring that your body is in constant motion. Tai Chi promotes serenity through gentle movements — connecting the mind and body.",https://drive.google.com/file/d/1ObEbgJvd8o99AXy8eUXmoQlcdsDS6t6J/view?usp=sharing,/s/Tai-Chi_x800.jpg,Group Exercise Classes,Low,Yes,Yes,Mindfulness,https://drive.google.com/file/d/16ORLgrsXfeqnebVxRoiBYrLYdGrbWonQ/view?usp=sharing,Not Required,Classic, 31 May 2022, 08 Apr 2022
SFF0027,Yoga,"Yoga is a form of physical exercise to promote improved control of mind and body, exercise focussing on strength, flexibility, and breathing to boost physical and mental well-being.",https://drive.google.com/file/d/1qtv6mwQsASUCzFlAem8tYrqoeZBqcLxQ/view?usp=sharing,/s/Yoga_x800.jpg,Group Exercise Classes,Mid,Yes,Yes,Flexibility,https://drive.google.com/file/d/1gCGAz9LTJOzL59TfJu92pjaZfVcquWqy/view?usp=sharing,Yoga Mat,Recommended, 31 May 2022, 08 Apr 2022
SFF0028,Zumba Fitness,"Incorporating techniques from Latin dance styles alongside energetic soundtracks, Zumba is an aerobic workout that improves coordination and endurance. The intensity of the workout differs, depending on the type of class.
",https://drive.google.com/file/d/1hqqX6TeDxX6_5FMrgd6MNNbaNvG5U_YA/view?usp=sharing,/s/Zumba-fitness_x800-4lh8.jpg,Group Exercise Classes,Mid,Yes,Yes,Cardiovascular,https://youtu.be/fz0AossTXaM,Not Required,Classic, 31 May 2022, 08 Apr 2022
SFF0029,Zumba Gold,Modified Zumba class for active older individuals who want to reproduce their favorite moves at a lower intensity.,https://drive.google.com/file/d/1owTCtFQIxVLf3L6HFkoIp8X-SS-vUe3X/view?usp=sharing,/s/Zumba-gold_x800.jpg,Group Exercise Classes,Low,Yes,Yes,Others,https://youtu.be/3HUcIwEb0vs,Not Required,Classic, 31 May 2022, 20 Apr 2022
SFF0030,Aqua Zumba,"A pool party that incorporates the South American Zumba beat and dance steps. It's a water-based, body-toning workout that's both enjoyable and tough.",https://drive.google.com/file/d/1rr5No_rA8uOKs_FZzOIxiE42TXPEQa_h/view?usp=sharing,/s/Zumba-Aqua_x800.jpg,Group Exercise Classes,Mid,No,Yes,Others,https://youtu.be/_bkbLbt08Bk,Conducted in swimming pool,Classic, 31 May 2022, 20 Apr 2022
SFF0031,Zumba Kids,"A high-energy dance party packed with kid-friendly routines where kids learn to move, listen to the rhythm, exercise their bodies, and improve their health while listening to their favorite music.",https://drive.google.com/file/d/11FAVBt-5I_BSO7cZOUh6oXUB84Srsjyo/view?usp=sharing,/s/zumba-kids_x800.jpg,Group Exercise Classes,High,Yes,Yes,Others,https://youtu.be/ymigWt5TOV8,Not Required,Classic, 31 May 2022, 20 Apr 2022
SFF0039,Resistance Band Workout,"Resistance band training is one of the most cost-effective ways to work
on strength training, anytime, anywhere. Paired up with up-beat music,
the class can be full of energy, burning muscles, and fun! This class is
suitable for all ages and fitness levels as the band’s tightness can be
modified according to its length and thickness.
*Participants are required to own a set of resistance bands",https://drive.google.com/file/d/1TPFrJxGU2o9O09PgL85if4tpltEDtaQq/view?usp=sharing,/s/Resistance-band_x800.jpg,Group Exercise Classes,High,Yes,Yes,Muscular Strength,https://drive.google.com/file/d/1YVw9f7XKdLYc-eouXfPuTqM2LKkb5sxY/view?usp=sharing,Resistance band,Special, 31 May 2022, 08 Apr 2022
SFF0040,Release & Stretch,"Applicable in the comfort of the office or your own home, learn how to release tight muscle knots wherever you are with a massage ball, paired with stretching on a chair or standing at the desk to release tension in the whole body. Partner stretches can also be done between colleagues or family members as well to get a deeper stretch in.",https://drive.google.com/file/d/1QoBayWQC-bmxP7TpTdrnP4QkoqHFwXVy/view?usp=sharing,/s/Release-_-Stretch_x800.jpg,Group Exercise Classes,Low,Yes,Yes,Flexibility,https://drive.google.com/file/d/1ZKPtZG0t8MuYwa1QH-fudmr8zPK0WTUn/view?usp=sharing,Trigger point ball,Special, 31 May 2022, 08 Apr 2022
SFF0041,Food as Fuel to Optimise Your Workout,"Your body needs the right fuel for you to perform at your best, and that’s where good nutritional strategies come into play to complement
your own fi tness plans. This talk provides an overview of sport nutrition, the relationship between food and humans, and what food does to the body at rest and
during exercise. It also discusses how different nutritional components are stored in the body and their functions during physical activities.",https://drive.google.com/file/d/15fElt8jsdhMXyN4TYLC08l6Bb7UzGcSA/view?usp=sharing,/s/1-Food-as-Fuel-to-Optimise-Your-Workout_x800-3dn3.jpg,Nutrition Talk,N/A,Yes,Yes,Others,,Not Required,Revamped, 24 May 2022, 23 May 2022
SFF0042,How’s Your Gut Feeling?,"Abdominal pains, bloatedness, and bowel irregularities are common symptoms of poor gut health and surprisingly, early signs of diseases like eczema, colon cancer, or even anxiety. In this talk, we’ll discuss how food affects our gut, common imbalances that could arise, ways to relieve them, and practical tips to strengthen our gut health.",https://drive.google.com/file/d/1b34ohFASD276w-HbjEvlY3Qpz5_oWsrF/view?usp=sharing,/s/2-Hows-Your-Gut-Feeling__x800-txlw.jpg,Nutrition Talk,N/A,Yes,Yes,Others,,Not Required,Recommended, 24 May 2022, 23 May 2022
SFF0043,Food for Productivity: No more Food Comas,"Food coma (aka after-meal sleepiness) is a leading cause of unproductiveness, especially after lunch hours. Learn how to choose the right foods throughout the day to prevent food comas, improve mental alertness, and increase energy levels for better productivity at work.",https://drive.google.com/file/d/1x2sMRnVtBm33BX3I2VcDN8Tmo68Y9z2A/view?usp=sharing,/s/3-Food-for-Productivity_x800-byhl.jpg,Nutrition Talk,N/A,Yes,Yes,Others,,Not Required,Classic, 24 May 2022, 23 May 2022
SFF0044,Good Food = Good Mood,"Ever wonder why you’re usually in a good mood after eating?
According to the latest scientifi c studies, the phrase “you are what you
eat” speaks to both our physical and emotional health. In this talk, we’ll
show you how the food we eat affects our bodies and minds, what
foods might cause dips and peaks in our mood, and tips to E.A.R.N. your
health and enhance your mood.",https://drive.google.com/file/d/1AORkTkm48bnAs7-rmfYk5H0jIcaQ3VBw/view?usp=sharing,/s/4-Good-Food-Good-Mood_x800-gsz5.jpg,Nutrition Talk,N/A,Yes,Yes,Others,https://drive.google.com/file/d/1_rR_wfy55DvA4rfdqvOPrlj7OWjRXewp/view?usp=sharing,Not Required,Recommended, 24 May 2022, 23 May 2022
SFF0045,Healthy Snacking 101,"Is snacking good or bad for you? In this talk, we’ll show you the pros and cons of snacking, help you differentiate good and bad snacking
habits, and provide some easy tips to choose snacks that are good for your health, especially when you’re on a weight management journey.",https://drive.google.com/file/d/14axOX-m23u--LUMqP23cmtFagkjKFBpd/view?usp=sharing,/s/5-Healthy-Snacking_x800-zb35.jpg,Nutrition Talk,N/A,Yes,Yes,Others,,Not Required,Classic, 24 May 2022, 23 May 2022
SFF0046,"The Silent Killers: Obesity, Diabetes, Stroke","In recent years, more people are getting diagnosed with lifestyle diseases that became so severe, sudden death is a possible risk they
have to live with. In this talk, we’ll raise your awareness of the risk factors that can lead to lifestyle diseases, offer some key nutritional tips
to help you watch what you eat, and guard you against lifestyle habits that may just kill you silently.",https://drive.google.com/file/d/1nWUc-ixBZIXemQTUiOxwFLhgEV7Gmz4B/view?usp=sharing,/s/6-the-silent-killers_x800-9fjn.jpg,Nutrition Talk,N/A,Yes,Yes,Others,,Not Required,Revamped, 24 May 2022, 23 May 2022
SFF0047,Men vs Women: Nutritional Needs,"How are men and women built differently? How does that affect our nutritional needs? In this talk, we’ll show you the differences in our
body systems and what it means for our eating and weight regulation behaviours. You’ll also learn some basic food nutrition for your unique
body, so you can make better food and lifestyle choices in the long term.",https://drive.google.com/file/d/1XwKsoIrMYCM4SAapVXzmCRFcSxpe4Yci/view?usp=sharing,/s/16-Men-vs-Women_x800-sl2e.jpg,Nutrition Talk,N/A,Yes,Yes,Others,,Not Required,New, 24 May 2022, 23 May 2022
SFF0048,Nutrition for Women: Gut Health and Female Hormone,"There are some nutritional needs unique to females, and catering to them can mean the difference to the way you work, live, and play. In
this talk, we’ll offer some insight into the connection between gut health and female hormones, while offering some top tips to nourish the female body in the best ways. ",https://drive.google.com/file/d/1Tp0pqmW6Lc5kjhMmLCgpGlof7Ctngejd/view?usp=sharing,/s/8-Nutrition-for-Women_x800-fdra.jpg,Nutrition Talk,N/A,Yes,Yes,Others,https://drive.google.com/file/d/1K49gkW8rzxAYAN_CbMv_7nDSRAqSE_3f/view?usp=sharing,Not Required,New, 24 May 2022, 23 May 2022
SFF0049,Nutrition for Graceful Ageing,"We can’t stop our bodies from ageing but we defi nitely can adjust our diets to stay strong and healthy. In this talk, you’ll discover how ageing
affects our overall health and learn to make the right food choices in support of graceful ageing.",https://drive.google.com/file/d/1m1THnxfoPd-k9n759B4ZfM2tDOoabj3n/view?usp=sharing,/s/9-Nutrition-for-Graceful-Ageing_x800-td36.jpg,Nutrition Talk,N/A,Yes,Yes,Others,,Not Required,New, 24 May 2022, 23 May 2022
SFF0050,Nutrition for your Immune System,"A well-functioning immune system is the foundation of good health that protects us against disease and infections. In this talk, you discover
the role of nutrition in building and maintaining a healthy immune system as we discuss the myths and facts around ‘Immunity-boosting
supplements’. You’ll also get to pick up some tips on choosing the right kind of food to keep illnesses at bay.",https://drive.google.com/file/d/1c9cxRh7LpRLWoXHlDgYoTQaivTZX6Rcu/view?usp=sharing,/s/10-Nutrition-for-your-Immune-System_x800-7n47.jpg,Nutrition Talk,N/A,Yes,Yes,Others,,Not Required,New, 24 May 2022, 23 May 2022
SFF0051,Weight Loss 101,"With so much confl icting information about diet plans out there, it’s hard knowing what will work in your case. In this talk, we’ll break down
the root causes of obesity and its consequences, so you can get familiar with what you’re really dealing with. You’ll also be provided with
actionable tips to achieve and maintain your ideal, healthy weight though food and lifestyle changes.",https://drive.google.com/file/d/1wlz28zQKQjAE0KAsIHhI1FKKq0JFWtBH/view?usp=sharing,/s/11-weight-loss_x800-er3b.jpg,Nutrition Talk,N/A,Yes,Yes,Others,,Not Required,Classic, 24 May 2022, 23 May 2022
SFF0052,"Eat Out, Eat Well","Eating out is also about discovering what’s out there to enjoy or to spend quality time with others, but that doesn’t mean your health
needs to take a back seat. In this talk, we’ll help you understand the importance of eating well, show you its benefits to our wellbeing, and
offer some practical steps to stay healthy even when eating out.",https://drive.google.com/file/d/1Vi29RPjQlPUUPf5j1FuaQasAIocWg-V5/view?usp=sharing,/s/12-Eat-Out-Eat-Well_x800-h3wc.jpg,Nutrition Talk,N/A,Yes,Yes,Others,,Not Required,Recommended, 24 May 2022, 23 May 2022
SFF0053,The Truth About Fad Diets,"Tempted by a ‘quick fi x’ or ‘miracle’ weight loss? It’s probably too good to be true! Fad diets gained popularity by offering short-term weight
loss fast, but results with such minimal effort are often unrealistic and unsustainable. In this talk, we’ll cover why various fad diets seem
effective but may be unsustainable, so you can decide if they’re really worth it.",https://drive.google.com/file/d/1lgT2ta45mkInWQ5B16lcf5oi40cSB_0P/view?usp=sharing,/s/13-The-Truth-About-Fad-Diets_x800-k6td.jpg,Nutrition Talk,N/A,Yes,Yes,Others,,Not Required,Classic, 24 May 2022, 23 May 2022
SFF0054,Secrets To Effective Meal Prep,"Prepare your meals in a more effective and effi cient manner while taking control of your nutrition through meal-prepping. In this talk, you’ll
discover the health tradeoffs you’re making when ordering takeouts, how easy having a homecooked, nutritious meal after work can really be, and
the various secrets to save time without losing out on taste while improving your food’s shelf life.",https://drive.google.com/file/d/1u1VsogfL_gRX0fsskeA_Kns7sOnfyoEm/view?usp=sharing,/s/14-Secrets-To-Effective-Meal-Prep_x800-4xsj.jpg,Nutrition Talk,N/A,Yes,Yes,Others,,Not Required,Classic, 24 May 2022, 23 May 2022
SFF0055,Cooking Demo (Hands-on),"Learn to whip up yummy and healthy dishes from our nutritionist/dietician, all from the comfort of your home kitchen! We’ll
show you how to enhance your food with natural ingredients and pick healthier alternatives for common local recipes.
All you’ll need is your kitchen equipment and stove, fresh ingredients (we’ll share an ingredients list 2 weeks before the demo) and to follow
along on the day itself! Vegan and vegetarian options are available upon request.",https://drive.google.com/file/d/1vOR6c-6vpg2fB3LPftu5YIfftmzxbK5F/view?usp=sharing,/s/15-cooking-demo_x800-jlph.jpg,Nutrition Talk,N/A,Yes,Yes,Others,https://drive.google.com/file/d/13UCB6MN3qNIXKVkE55GfyTjMAV_-P4Tt/view?usp=sharing,Food of your choice,Special, 24 May 2022, 23 May 2022
SFF0056,Restart To Win: Getting back to work effectively,"The COVID-19 health pandemic has resulted in numerous disruptions to our lives and the way we work. While governments and health agencies are learning how to cope and manage effectively, companies are eager to restart to ensure survivability of their respective businesses.",https://drive.google.com/file/d/10kLNfV6knD7a75CE_rcnekqoD-8hdwn1/view?usp=sharing,/s/1-Restart-to-win_x800.jpg,Mental Wellbeing Talk,N/A,Yes,Yes,Others,https://drive.google.com/file/d/1keyBBHW9EZAmvUibI3DD0A6NNp9pdCTo/view?usp=sharing,Not Required,Classic, 24 May 2022, 23 May 2022
SFF0057,Resilience: Managing Change with Optimism,"We live in a fast-paced and demanding society. Surmounting pressures from work demands can leave many people in Singapore with stress-related problems. Mental health is now a great concern, especially with about 1 in 10 adults suffering from mental illnesses in Singapore.
While it is impossible not to experience stress, early intervention and better-coping skills can signifi cantly reduce stress and mental health issues.",https://drive.google.com/file/d/1uOx4dA4vnNKZthFGR_7QAXaagAqBeid0/view?usp=sharing,/s/2-Managing-Change-with-Optimism_x800.jpg,Mental Wellbeing Talk,N/A,Yes,Yes,Others,https://drive.google.com/file/d/17nQzs0qZ5DDbM_8yQuCPOEbsUrKOTrHX/view?usp=sharing,Not Required,Classic, 24 May 2022, 23 May 2022
SFF0058,Boosting Psychological Immunity Amidst Uncertainties,"situations, and it is inevitable that we may react with anxiety to some of them. However, it is important to  differentiate ordinary anxiety from anxiety disorders.
During the recent COVID-19 outbreak, we have observed social phenomena such as hoarding, distancing, and even discrimination against each other. This workshop focuses on how people respond to stressful changes as well as effective strategies we can use to overcome anxiety and manage change in our lives.",https://drive.google.com/file/d/14bAlRJxtMu6lqe3eXPoE4auK7OmIqltu/view?usp=sharing,/s/3-Boosting-Psychological-Immunity-Amidst-Uncertainties_x800.jpg,Mental Wellbeing Talk,N/A,Yes,Yes,Others,https://drive.google.com/file/d/1ZLfiwebc2zEJK5zcVBSYl6DYUizgpB-q/view?usp=sharing,Not Required,Classic, 24 May 2022, 23 May 2022
SFF0059,Barriers To Change,"With the dynamic changes of the Global Pandemic, work structures are rapidly changing, regardless of whether employees are equipped with skills to adapt and cope with the changes. Working together in this new norm can be challenging and frustrating because changes are not always easy. Come and learn the science behind our response to change and how best to cope and support others to enhance team engagement.",https://drive.google.com/file/d/1807dRTWqeo7snsDvT-XpXvLNEs0NhLZq/view?usp=sharing,/s/4-Barriers-To-Change_x800.jpg,Mental Wellbeing Talk,N/A,Yes,Yes,Others,,Not Required,Classic, 24 May 2022, 23 May 2022
SFF0060,Winning Over Anger,"Anger is a common human response and emotion, and everyone has experienced anger to different degrees. These range from mild irritation to extreme rage. The emotion of anger is neither good nor bad. It is perfectly normal to experience it when people feel mistreated or wronged. What is important is how we deal with it. Uncontrolled anger of any quality possesses very destructive and negative consequences to both self and others. It affects personal relationships and one’s quality of life.",https://drive.google.com/file/d/1khVeEfukfcSbmYtx7S6ia1EIYcdvDQrc/view?usp=sharing,/s/5-Winning-Over-Anger_x800.jpg,Mental Wellbeing Talk,N/A,Yes,Yes,Others,https://drive.google.com/file/d/1OEC7dzmeNaWu55kEHBQl6x-DLXOr2Q2C/view?usp=sharing,Not Required,Classic, 24 May 2022, 23 May 2022
SFF0061,Cultivating A Healthy Mind,"Stress can come from many areas, but the hardest one to battle is our own inner critic. Our personal expectations, judgments, and fears often impair us from overcoming challenges. A healthy mind enables us to vercome life’s distresses, grow in resilience and maintain mental and emotional stability. By cultivating a healthy mind, we grow in
self-awareness and understanding, and can build healthy relationships with others.",https://drive.google.com/file/d/1B82tnGH6KLloXS6MvJCoIgWuclYwzQoB/view?usp=sharing,/s/6-Cultivating-A-Healthy-Mind_x800.jpg,Mental Wellbeing Talk,N/A,Yes,Yes,Others,https://drive.google.com/file/d/1zy_OwRKRKn8xet7IChBpsmvAXvbfw1p3/view?usp=sharing,Not Required,Classic, 24 May 2022, 23 May 2022
SFF0062,Converting Stress to Success,"Stress is often viewed negatively because of the dire effects it has on our health. It is reported that stress is the basic cause of 60% of human ailments and disease. Despite this shocking fi gure, it is important to
realize that stress is inevitable and an essential part of life. There are even good stressors which prepare our body for further actions such as fight or flight. Instead of trying to avoid stress completely, this talk aims to impart tips on how to convert stresses to successes.",https://drive.google.com/file/d/11vm9Zw90Z7ifye7E6Jry2aZq21ce8E3l/view?usp=sharing,/s/7-Converting-Stress-to-Success_x800.jpg,Mental Wellbeing Talk,N/A,Yes,Yes,Others,https://drive.google.com/file/d/1d3oViapsGnBUeYnsQiuAAQg8JMOTQgu-/view?usp=sharing,Not Required,Classic, 24 May 2022, 23 May 2022
SFF0063,Finding Happiness from Within,"People from around the world revealed that they consider happiness and life satisfaction to be extremely  mportant, even more important than money. They are certainly not alone as these views are shared with a growing number of people looking for happiness in life and at work. Yet, most working adults in ingapore report not having positive experiences at work. Since most working adults spend a significant
amount of time working, experience at work can and will influence the quality of life and well-being of the individual. ",https://drive.google.com/file/d/1ZuUzsfKvxm6GLgz3ccduLdTa7fOwanbd/view?usp=sharing,/s/8-Finding-Happiness-from-Within_x800.jpg,Mental Wellbeing Talk,N/A,Yes,Yes,Others,,Not Required,Classic, 24 May 2022, 23 May 2022
SFF0064,Peaceful Mind: Mental Relaxation,"Do ideas and thoughts seem to flood your mind sometimes? Are you feeling stressed at work? While we cannot avoid stress, there are strategies to help us cope better. Relaxation is a key to maintaining physical, mental, and emotional wellness. This talk explores mental relaxation techniques that can help put your mind and body at rest.",https://drive.google.com/file/d/1NUg-YCQGYLiF74f80xXw47RcZoE5tgq0/view?usp=sharing,/s/9-Peaceful-Mind_x800.jpg,Mental Wellbeing Talk,N/A,Yes,Yes,Others,,Not Required,Classic, 24 May 2022, 23 May 2022
SFF0068,Managing Remote Teams Effectively,"With the dynamic changes of the Global Pandemic, work structures are rapidly changing, regardless of whether companies of leaders are equipped with skills to adapt and cope with the changes. Managing
remote teams is becoming the new norm right now, and not all leaders are equipped in this area. What are the dynamics of effective teams? How to manage expectations and work performance when there is no facetime?",https://drive.google.com/file/d/1p0EbzfU6k23_jSVKpsGLlLXLw8159Yq-/view?usp=sharing,/s/13-remote-team_x800.jpg,Mental Wellbeing Talk,N/A,Yes,Yes,Others,https://drive.google.com/file/d/17nQzs0qZ5DDbM_8yQuCPOEbsUrKOTrHX/view?usp=sharing,Not Required,Classic, 24 May 2022, 23 May 2022
SFF0069,Managing Conflicts Effectively,"Most people spend at least one-third of their lives in the workplace. Amidst the hustle and bustle of workflow, productivity, and conquering deadlines, conflicts are bound to take place in varying frequencies and degrees. Conflict occurs when needs and expectations are misaligned, perspectives and values differ, or when communication breaks down. The fact that conflict exists, however, is not necessarily a bad thing; as long as it is resolved effectively, it can lead to personal and professional growth for all parties.",https://drive.google.com/file/d/10pTzZ_yJq8Bvt-R5ufgElI0GtVGT1kRb/view?usp=sharing,/s/14-Managing-Conflicts-Effectively_x800.jpg,Mental Wellbeing Talk,N/A,Yes,Yes,Others,,Not Required,Classic, 24 May 2022, 23 May 2022
SFF0070,Secrets to Building Positive Relationships,"Even the best relationships can be challenging at times. Ironically, challenges are essential in a relationship so that people involved can grow closer together. However, some people fi nd the challenges too daunting and that their relationship could not recover from the damage. Often, these challenges arise out of miscommunication or the lack of communication between two individuals.",https://drive.google.com/file/d/1n7-haWf01mc8S2MHgd4KiturgQYCfbqa/view?usp=sharing,/s/15-Secrets-to-Building-Positive-Relationships_x800.jpg,Mental Wellbeing Talk,N/A,Yes,Yes,Others,,Not Required,Classic, 24 May 2022, 23 May 2022
SFF0071,Strengthening Emotional Intelligence,"Success at work is no longer defi ned by the paycheck. It is also not about how smart an employee is, nor measured by the training or school one comes from. Companies around the world now place the emphasis on emotional intelligence. Companies value employees who can handle themselves and each other while working together. When things do not go our way, it is sometimes hard to accept leaving us with strong and negative emotions. While experiencing negative emotions is natural, it needs to be properly managed to avoid hurting others unnecessarily.",https://drive.google.com/file/d/1UdZoIwRnyAS_-Mpt3vH39r4RyrFthnzC/view?usp=sharing,/s/16-Strengthening-Emotional-Intelligence_x800.jpg,Mental Wellbeing Talk,N/A,Yes,Yes,Others,,Not Required,Classic, 24 May 2022, 23 May 2022
SFF0072,Cultivating Powerful Mindset for Achieving Goals,"Some people call it perseverance, others call it grit. Whatever label you give, a strong mindset is a trait shared by high performing individuals, whether they are entrepreneurs, leaders, sports people or Olympians. Learning how to cultivate a strong mindset is a fundamental skill to develop resiliency against setbacks, and advance towards your goals.",https://drive.google.com/file/d/1qjaOJsMGZswZXD2cndU5JFRgba_03YmG/view?usp=sharing,/s/17-Cultivating-Powerful-Mindset-for-Achieving-Goals_x800.jpg,Mental Wellbeing Talk,N/A,Yes,Yes,Others,,Not Required,Classic, 24 May 2022, 23 May 2022
SFF0073,Motivation - Get Up and Going,"When faced with the daunting idea of embarking on an exercise regime, some people fi nd it especially challenging to get into the swing of things due to negative internal thoughts about their ability to overcome the initial barrier or to maintain exercise involvement. This talk emphasizes the countering of negative self-talk using strategies based on Cognitive Behavioral Therapy, which strives to highlight the power of thoughts to affect motivation and ultimately, behavior. In addition, it aims to provide an insight to the types of motivation underlying physical activity and introduces key points to goal setting in order to equip individuals with the ability to create measurable and attainable targets for themselves. It’s time to get up and going!",https://drive.google.com/file/d/1zjLfdWYRkbdF_SYokGkaGdCUjhLl0B_t/view?usp=sharing,/s/18-Motivation-Get-Up-and-Going_x800.jpg,Mental Wellbeing Talk,N/A,Yes,Yes,Others,,Not Required,, 24 May 2022, 23 May 2022
SFF0075,"Sleep Right, Live Bright","Sleep is an intrinsic and extremely essential part of life; a fact that is often disregarded and devalued. Many individuals, especially those living in urban environments, make an ill-advised compromise on sleep, leaving them tired, sleepy, or unable to enjoy a restful night in the long term. This talk focuses on understanding the science of sleep, sleep problems and their respective causes and subsequent implications on health and daily life. Participants will be able to better understand the importance of
sleep, as well as learn how to implement healthy sleeping habits through various tips and the cultivation of healthy sleeping habits.",https://drive.google.com/file/d/1EmJvhNKMN5ooZf9suX92p4mKLygR4BfZ/view?usp=sharing,/s/20-Sleep-Right-Live-Bright_x800.jpg,Mental Wellbeing Talk,N/A,Yes,Yes,Others,,Not Required,Classic, 24 May 2022, 23 May 2022
SFF0076,Managing Anxieties,"In our day-to-day lives, we encounter several different situations and it is inevitable to react with anxiety to some of them. However, it is important to differentiate ordinary anxiety from anxiety disorders.
This talk focuses on understanding the symptoms and factors that lead to the onset and maintenance of anxiety as well as effective strategies to overcome anxiety such as mental relaxation techniques, positive self-talk patterns, and overcoming cognitive distortions.",https://drive.google.com/file/d/1kViSKiMeDUJiu83AJEEwaTDPnjhVWrjl/view?usp=sharing,/s/21-Managing-Anxieties_x800-yg4p.jpg,Mental Wellbeing Talk,N/A,Yes,Yes,Others,https://drive.google.com/file/d/1pSrBnsxeg4TuTUeFQrH4EVN4df7JWJNO/view?usp=sharing,Not Required,Classic, 24 May 2022, 23 May 2022
SFF0077,Live Well: Start with the End,"How do you picture yourself in 20-30 years? Are you in good health and keeping well in that visualization? How do you ensure that you achieve that? Today, we spend over 40 hours per week for work and a bulk of the time juggling family or social commitments. We spend more time battling with deadlines and little to no time planning for our well-being. We often overlook that who we become in the future is dependent on who we are today. This talk will help you to jumpstart your plans to strengthen your well-being.",https://drive.google.com/file/d/15ZJ_sweUMQ1zuhj4unWdQaBOj_vn2lRd/view?usp=sharing,/s/22-Live-Well_-Start-with-the-End_x800.jpg,Mental Wellbeing Talk,N/A,Yes,Yes,Others,,Not Required,Classic, 24 May 2022, 23 May 2022
SFF0078,Ergonomic Workshop - Basic,"Most of the repetitive stress injuries suffered by office workers are a result of poor posture and poor setup of the work environment.
Common examples include neck pain, shoulder pain, back pain, tennis elbow, trigger finger, etc. Treatment of these injuries may be very
costly, especially if the root cause is not identified and rectified.",https://drive.google.com/file/d/1d8cXoxGIYawDA8zZD77RUkZBsjHE_mz9/view?usp=sharing,/s/Ergonomic-Workshop-Basic.jpg,Others,N/A,Yes,Yes,Others,,Not Required,, 07 Jun 2022, 23 May 2022
SFF0079,Ergonomics Workshop: Targeting Common Pains: Lower Back & Knees,"Most people feel back & knee pain is part and parcel of aging, with some even feeling the effects of an “aging spine” as young as 25, is that
a norm? When does it become a source of concern? These pains can even interfere with our daily lives and activities for e.g. spending time
with family outdoors, playing sports, or even as simple as walking. A pain-free lifestyle is the way to achieve sustainable fitness!",https://drive.google.com/file/d/1noncLI2a-IJKLRHeP5iT8Rm51CKTU-Mc/view?usp=sharing,/s/Targeting-Common-Pains.jpg,Others,N/A,Yes,Yes,Others,,Not Required,, 07 Jun 2022, 23 May 2022
SFF0080,Modern Approach to Optimum Health,"This talk lets you better understand your body and the current status of your health. Learn about Integrative Medicine and how it can help stamp out diseases before they develop. Update yourself on the latest modalities and what alternative medicine can do for you. With modern advances in natural medicine, a longer, better quality life is now possible with a holistic and non-invasive approach. 120 years old is the new 80!",https://drive.google.com/file/d/1V07vp8hbrF_gNr_ZtGCcmAWVYfzjTZ1y/view?usp=sharing,/s/Modern-Approach-to-Optimum-Health.jpg,Others,N/A,Yes,Yes,Others,,Not Required,, 07 Jun 2022, 23 May 2022
SFF0081,Men & Women: Foreseeing Your Health in 10 years,"You will learn the most common health issues of both genders, how to identify them, and how to prevent them. This talk takes you ten years from now to see where you will stand in terms of health and wellbeing. ",https://drive.google.com/file/d/1QNREINb9tWPHdCzswUVC086e5W-QU93Y/view?usp=sharing,/s/Men-Women.jpg,Others,N/A,Yes,Yes,Others,,Not Required,, 07 Jun 2022, 23 May 2022
SFF0066,Art Therapy Workshop,"Art Therapy is a technique that can foster healing and well-being. The purpose of Art Therapy is to help people to explore their self-expression while finding new ways to gain their personal insights and develop their new coping skills.
Gond Art is one of the many Art Therapies that is created out of carefully drawn lines. Lines are used in such a way to convey a sense of movement to still images. Dots and dashes are added to impart a greater sense of movement and increase the amount of detail. As this art form is tribal, Motifs used in this art are associated with forests and animals.",https://drive.google.com/file/d/17fSIACzf_YEep61frAZ-d-LCXPKwMmVI/view?usp=sharing,/s/11-ART-Therapy_x800.jpg,Mental Wellbeing Talk,N/A,Yes,No,Others,https://drive.google.com/file/d/17iwn328qBfIQTS4UmE_u-n758ttODsew/view?usp=sharing,Basic color pens,Special, 24 May 2022, 23 May 2022
SFF0067,Soap Making Workshop,"Imagine the experience of using handmade soap of your favourite scent, made using only natural raw ingredients of your choice and liking. In this workshop, you will get to learn how to make soap using the melt and pour method mixed with essential oils. The handmade soap does not contain any synthetic additives or any chemicals generally found in commercial soaps that could easily aggravate skin, causing major discomfort. Get ready to feel refreshed, moisturised and supple even after multiple washes.",https://drive.google.com/file/d/1eb_AZ7-x3EmRiABTppkUScOnqm6m5VHj/view?usp=sharing,/s/12-Soap-making_x800.jpg,Mental Wellbeing Talk,N/A,Yes,Yes,Others,,Special,Special, 24 May 2022, 23 May 2022
SFF0074,Meridian Therapy: Human Reset,"Meridian Therapy focuses on the basic concept of the meridian system and its impact on our health. This is done by using various acupressure points with hand techniques such as kneading, tapping, and cupping, which increases the blood circulation and strengthens each individual's general well-being.",https://drive.google.com/file/d/1gwUl79aaBUteSFnCuGBpAG98GQTmnKYr/view?usp=sharing,/s/19-Meridian-Therapy_-Human-Reset_x800.jpg,Mental Wellbeing Talk,N/A,Yes,Yes,Others,,Not Required,Classic, 24 May 2022, 23 May 2022
SFF0065,Experiencing Positive Emotions (Laughter Therapy),"Happiness is associated with numerous outcomes including having better relationships, a successful career, and healthier life. Barbara Fredickson, a psychologist, supports that positive emotions have
long-lasting effects on a person’s growth and development. Positive emotions and laughter can protect us against negative emotions, enhance resilience, and improve overall well-being. ",https://drive.google.com/file/d/1jbpTPNqELyxYhIS7CVnCj-T6tcRkH7cD/view?usp=sharing,/s/10-laughter-therapy_x800.jpg,Mental Wellbeing Talk,N/A,Yes,Yes,Others,https://drive.google.com/file/d/1fN6Tn2Dv4VeUBIdrCo2cLlGFVQvD8n0_/view?usp=sharing,Not Required,Special, 24 May 2022, 23 May 2022
SFF0032,Breathing Meditation,"Relief stress and calm the nervous system through deep breathing techniques - let go of tensions on the physical, mental and emotional level",https://drive.google.com/file/d/11FAVBt-5I_BSO7cZOUh6oXUB84Srsjyo/view?usp=sharing,/s/Breathing-Meditation_x800.jpg,Group Exercise Classes,Low,Yes,Yes,Mindfulness,https://youtu.be/fzevJRpLMrQ,Not Required,Classic, 31 May 2022, 08 Apr 2022
SFF0033,Drum Meditation,"Keep the chaos away! Bring the mind to a place of stillness and “Drop in” to the calming beats of the drum to improve focus and concentration.",https://drive.google.com/file/d/16qKeXoUDuV55AkToKu0hxqYJHBjOsV3n/view?usp=sharing,/s/drum-meditation_x800.jpg,Group Exercise Classes,Low,Yes,Yes,Mindfulness,https://youtu.be/dHaV17G2lEE,Not Required,Classic, 31 May 2022, 08 Apr 2022
SFF0034,Sound Meditation,"Immerse in beautiful sounds and vibrations that are healing for your body and mind. The sounds and vibrations affect the body at a cellular level since every organ and every cell in the body vibrates at a particular frequency. Deemed as the medicine of the future, the waves of sound in this class will trigger a relaxation response, leaving you feeling rested and relaxed.",https://drive.google.com/file/d/1dQSOAk_vtalIne3W1GrAM6h1MRyhbMN2/view?usp=sharing,/s/Sound-meditation_x800.jpg,Group Exercise Classes,Low,Yes,Yes,Mindfulness,https://youtu.be/oCPoG3EGwVw,Not Required,Classic, 31 May 2022, 08 Apr 2022
SFF0035,Mindfulness Meditation,"In this session, we will look at how the practice of mindfulness can help bring calm and stability to our daily lives. We will be covering 3 positions - mindful eating, mindful walking, and mindful sitting. One should feel a sense of calmness and relaxedness after the session.",https://drive.google.com/file/d/1RE7NqyAT2YmxEd0bXLW_k5reNjO7Cyhb/view?usp=sharing,/s/Mindfullness-Meditation_x800.jpg,Group Exercise Classes,Low,Yes,Yes,Mindfulness,"https://drive.google.com/file/d/1vBCj-__6e7uUV0sD2bw_-dXTduTOZg5b/view?usp=sharing

(then here is another option) https://youtu.be/DFEnruF-dts",Not Required,Classic, 31 May 2022, 08 Apr 2022
SFF0036,Loving-Kindness Meditation,"Most of our ill feelings arise because of closing ourselves off from others. The practice of loving-kindness helps to release tense and negative emotions, inviting positive heartwarming emotions for ourselves and the people around us. With a more open heart, we can navigate the world with more ease and less friction. Loving-kindness meditation can be an antidote if we constantly feel in conflict with others.",https://drive.google.com/file/d/1MQjzin7AeGk_pynQXu-S9_uFGqZFSase/view?usp=sharing,/s/loving-kindness-meditation_x800.jpg,Group Exercise Classes,Low,Yes,Yes,Mindfulness,https://youtu.be/e-TeW9CI0bc,Not Required,Classic, 31 May 2022, 08 Apr 2022
SFF0037,Stress Management Meditation,"Being able to cope with stress is an important skill in the world today. In a stress management meditation session, one learns how to be comfortable with unpleasant feelings that arise daily. 2 positions will be explored in this session, namely standing and sitting. Regular practice of stress management meditation helps to build mental resilience.",https://drive.google.com/file/d/1LRh7pCbvp2Jm6xiU1XgKotRxvQ7XMJmR/view?usp=sharing,/s/Stress-management-meditation_x800.jpg,Group Exercise Classes,Low,Yes,Yes,Mindfulness,https://youtu.be/z6X5oEIg6Ak,Not Required,Classic, 31 May 2022, 08 Apr 2022
SFF0038,QiGong Meditation,Qi Gong meditation is a more dynamic form of meditation wherein participants are mostly standing and moving. Qi Gong meditation helps to release tension buildup in the body and at the same time provides mental relief. Regular practice of Qi Gong meditation helps to build a strong body to handle the daily rigors of life.,https://drive.google.com/file/d/1mIzHChjL9C5Rxr2zGil5WFtfReY0rXut/view?usp=sharing,/s/QiGong-Meditation_x800.jpg,Group Exercise Classes,Low,Yes,Yes,Mindfulness,https://drive.google.com/file/d/1W2Jg5EumniYNDowg3-fRspxBuN2SsyPS/view?usp=sharing,Not Required,Recommended, 31 May 2022, 08 Apr 2022